{"is_source_file": true, "format": "md", "description": ".md file: README.md", "external_files": [], "external_methods": [], "published": [], "classes": [], "methods": [], "calls": [], "search-terms": ["README.md", "md"], "state": 2, "filename": "README.md", "format-version": 4, "code-base-name": "https://github.com/kavia-common/atomic-visualizer-6232-6241.git:kavia-main", "knowledge_revision": 3, "git_revision": "0eb817e6ae4e142e827817000d43c74db6122276", "revision_history": [{"3": "0eb817e6ae4e142e827817000d43c74db6122276"}]}